ID,ZONE
B6200930,A
B6200947,A
B6200961,A
B6200985,A
B6200992,A
B6201005,A
B6201029,A
B6201036,A
B6201050,A
B6201067,A
B6201081,A
B6201111,A
B6201128,A
B6201135,A
B6201159,A
B6201173,A
B6201180,A
B6201203,A
B6201210,A
B6201234,A
B6201241,A
B6201258,A
B6201265,A
B6201272,A
B6201302,A
B6201319,A
B6201326,A
B6201333,A
B6201340,A
B6201357,A
B6201371,A
B6201388,A
B6201401,A
B6201418,A
B6201425,A
B6201432,A
B6201456,A
B6201487,A
B6201524 ,A
B6201531,A
B6201555,A
B6201562,A
B6201616,A
B6201647,A
B6201661,A
B6201746,A
B6201753,A
B6201777,A
B6201807,A
B6201821,A
B6201838,A
B6201845,A
B6201852,A
B6201876,A
B6201883,A
B6201906,A
B6201913,A
B6201920,A
B6201944,A
B6201951,A
B6201968,A
B6201975,A
B6201982,A
B6201999,A
B6202002,A
B6202026,A
B6202064,A
B6202071,A
B6202088,A
B6202095,A
B6202101,A
B6202132,A
B6202149,A
B6202163,A
B6202170,A
B6202187,A
B6202200,A
B6202217,A
B6202224,A
B6202231,A
B6202248,A
B6202255,A
B6202262,A
B6202279,A
B6202286,A
B6202293,A
B6202309,A
B6202316,A
B6202323,A
B6202330,A
B6202361,A
B6202378,A
B6202385,A
B6202392,A
B6202415,A
B6202422,A
B6202460,A
B6202484,A
B6202521,A
B6202538,A
B6202545,A
B6202552,A
B6202569,A
B6202583,A
B6202606,A
B6202613,A
B6202644,A
B6202651,A
B6202668,A
B6202682,A
B6202698,A
B6202743,A
B6202750,A
B6202774,A
B6202798,A
B6202804,A
B6202811,A
B6202828,A
B6202842,A
B6202866,A
B6202873,A
B6202903,A
B6202910,A
B6202927,A
B6202934,A
B6202941,A
B6202996,A
B6203016,A
B6203023,A
B6203061,A
B6203078,A
B6203092,A
B6203115,A
B6203122,A
B6203146,A
B6203177,A
B6203191,A
B6203214,A
B6203238,A
B6203245,A
B6203276,A
B6203283,A
B6203290,A
B6203306,A
B6203313,A
B6203344,A
B6203351,A
B6203382,A
B6203399,A
B6203443,A
B6203450,A
B6203467,A
B6203481,A
B6203559,A
B6203580,A
B6203597,A
B6203603,A
B6203627,A
B6203641,A
B6203689,A
B6203696,B
B6203733,B
B6203740,B
B6203757,B
B6203764,B
B6203788,B
B6203801,B
B6203832,B
B6203849,B
B6203900,B
B6203931,B
B6203948,B
B6203955,B
B6208646,B
B6208653,B
B6208660,B
B6208684,B
B6208691,B
B6208707,B
B6208714,B
B6208721,B
B6208745,B
B6208783,B
B6208912,B
B6208929,B
B6208936,B
B6208943,B
B6208950,B
B6208974,B
B6208981,B
B6208998,B
B6209018,B
B6209025,B
B6209049,B
B6209063,B
B6209087,B
B6209117,B
B6209124,B
B6209148,B
B6209155,B
B6209179,B
B6209186,B
B6209193,B
B6209209,B
B6209216,B
B6209223,B
B6209230,B
B6209254,B
B6209261,B
B6209285,B
B6209292,B
B6209339,B
B6209346,B
B6209353,B
B6209506,B
B6209513,B
B6209520,B
B6209537,B
B6209551,B
B6209568,B
B6209575,B
B6209582,B
B6209599,B
B6209605,B
B6209612,B
B6209629,B
B6209636,B
B6209650,B
B6209667,B
B6209674,B
B6209681,B
B6209711,B
B6209735,B
B6209766,B
B6209773,B
B6209797,B
B6209810,B
B6209834,B
B6209841,B
B6209858,B
B6209865,B
B6209889,B
B6209896,B
B6209902,B
B6209919,B
B6209926,B
B6209933,B
B6209940,B
B6209964,B
B6209971,B
B6209988,B
B6209995,B
B6210014,B
B6210021,B
B6210038,B
B6210052,B
B6210212,B
B6210229,B
B6210236,B
B6210243,B
B6210250,B
B6210267,B
B6210298,B
B6210311,B
B6210328,B
B6210373,B
B6210380,B
B6210397,B
B6210496,B
B6210502,B
B6210519,B
B6210540,B
B6210557,B
B6210564,B
B6210571,B
B6210588,B
B6210595,B
B6210601,B
B6210618,B
B6210625,B
B6210632,B
B6210649,B
B6210663,B
B6210670,B
B6210687,B
B6210694,B
B6210700,B
B6210731,B
B6210748,B
B6210755,B
B6210786,B
B6210793,B
B6210809,B
B6210816,B
B6210823,B
B6210830,B
B6210847,B
B6211547,B
B6211554,B
B6211578,B
B6211585,B
B6211608,B
B62116108,B
B6211622,B
B6211639,B
B6211653,B
B6211684,B
B6211691,B
B6211707,B
B6211721,B
B6211738,B
B6211745,B
B6211752,B
B6211783,B
B6211806,B
B6211813,B
B6211820,B
B6211837,B
B6211844,B
B6211868,B
B6211882,C
B6211899,C
B6211905,C
B6211912,C
B6211936,C
B6211950,C
B6211974,C
B6211981,C
B6211998,C
B6212025,C
B6212032,C
B6212063,C
B6212070,C
B6212094,C
B6212117,C
B6212131,C
B6212148,C
B6212162,C
B6212186,C
B6212193,C
B6212223,C
B6212230,C
B6212247,C
B6212254,C
B6212261,C
B6212278,C
B6212285,C
B6212292,C
B6212308,C
B6212322,C
B6212339,C
B6212346,C
B6212360,C
B6212377,C
B6212384,C
B6212414,C
B6212421,C
B6212438,C
B6212469,C
B6212476,C
B6212483,C
B6212490,C
B6212506,C
B6212537,C
B6212544,C
B6212582,C
B6212599,C
B6212698,C
B6212704,C
B6212728,C
B6212735,C
B6212742,C
B6212759,C
B6212780,C
B6212803,C
B6212889,C
B6212896,C
B6212919,C
B6212995,C
B6213046,C
B6213060,C
B6213077,C
B6213152,C
B6213220,C
B6213237,C
B6213244,C
B6213251,C
B6213268,C
B6213275,C
B6213299,C
B6213305,C
B6213312,C
B6213329,C
B6213336,C
B6213343,C
B6213350,C
B6213367,C
B6213374,C
B6213381,C
B6213398,C
B6213411,C
B6213428,C
B6213459,C
B6213466,C
B6213473,C
B6213480,C
B6213497,C
B6213503,C
B6213527,C
B6213534,C
B6213558,C
B6213565,C
B6213572,C
B6213589,C
B6213596,C
B6213602,C
B6213619,C
B6213626,C
B6213640,C
B6213657,C
B6213664 ,C
B6213671,C
B6213688,C
B6213695,C
B6213701,C
B6213725,C
B6213732,C
B6213756,C
B6213763,C
B6213787,C
B6213800,C
B6213817,C
B6213824,C
B6213862,C
B6213879,C
B6213886,C
B6213893,C
B6213909,C
B6213916,C
B6213930 ,C
B6213947,C
B6213978,C
B6213985,C
B6213992,C
B6214005,C
B6214012,C
B6214029,C
B6214036,C
B6214043,C
B6214050,C
B6214067,C
B6214081,C
B6214098,C
B6214104,C
B6214111,C
B6214128,C
B6214135,C
B6214159,C
B6214166,C
B6214173,C
B6214180,C
B6214197,C
B6214203,C
B6214210,C
B6214234,C
B6214241,C
B6214258,C
B6214272,C
B6214289,C
B6214296,C
B6214302,C
B6214319,C
B6214326,C
B6214333,C
B6214340,C
B6214364,C
B6214388,C
B6214395,C
B6214425,C
B6214432,C
B6214449,D
B6214463,D
B6214470,D
B6214487,D
B6214494,D
B6214500,D
B6214517,D
B6214531,D
B6214548,D
B6214586,D
B6214609,D
B6214616,D
B6214623,D
B6214630,D
B6214647,D
B6214654,D
B6214661,D
B6214685,D
B6214692,D
B6214708,D
B6214715,D
B6214722,D
B6214746,D
B6214753,D
B6214760,D
B6214777,D
B6214791,D
B6214807,D
B6214814,D
B6214821,D
B6214838,D
B6214852,D
B6214869,D
B6214876,D
B6214890,D
B6214906,D
B6214913,D
B6214920,D
B6214937,D
B6214944,D
B6214968,D
B6214975,D
B6214982,D
B6214999,D
B6215002,D
B6215019,D
B6215026,D
B6215033,D
B6215064,D
B6215071,D
B6215088,D
B6215095,D
B6215101,D
B6215118,D
B6215125,D
B6215132,D
B6215149,D
B6215156,D
B6215163,D
B6215170,D
B6215187,D
B6215194,D
B6215200,D
B6215224,D
B6215231,D
B6215248,D
B6215262,D
B6215279,D
B6215286,D
B6215293,D
B6215309,D
B6215316,D
B6215330,D
B6215347,D
B6215354,D
B6215361,D
B6215378,D
B6215385,D
B6215392,D
B6215408,D
B6215415,D
B6215422,D
B6215439,D
B6215446,D
B6215453,D
B6215460,D
B6215477,D
B6215484,D
B6215521,D
B6215538,D
B6215545,D
B6215552,D
B6215569,D
B6215583,D
B6215613,D
B6215620,D
B6215637,D
B6215651,D
B6215675,D
B6215682,D
B6215705,D
B6215712,D
B6215729,D
B6215736,D
B6215743,D
B6215750,D
B6215774,D
B6215781,D
B6215798,D
B6215804,D
B6215811,D
B6215828,D
B6215835,D
B6215880,D
B6215897,D
B6215910,D
B6215934,D
B6215941,D
B6215958,D
B6215965,D
B6215996,D
B6216009,D
B6216023,D
B6216030,D
B6216054,D
B6216061,D
B6216078,D
B6216085,D
B6216092,D
B6216115,D
B6216122,D
B6216139,D
B6216153,D
B6216160,D
B6216177,D
B6216184,D
B6216238,D
B6216245,D
B6216269,D
B6216276,D
B6216283,D
B6216290,D
B6216306,D
B6216320,D
B6216337,D
B6216344,D
B6216351,D
B6216368,D
B6216375,D
B6216382,D
B6216399,D
B6216405,D
B6216412,D
B6216429,D
B6216443,D
B6216467,D
B6216474,D
B6216481,D
B6216498,D
B6216504,D
B6216511,E
B6216528,E
B6216535,E
B6216559,E
B6216566,E
B6216573,E
B6216580,E
B6216597,E
B6216603,E
B6216610,E
B6216627,E
B6216658,E
B6216665,E
B6216672,E
B6216689,E
B6216696,E
B6216719,E
B6216726,E
B6216733,E
B6216740,E
B6216764,E
B6216788,E
B6216795,E
B6216801,E
B6216818,E
B6216832,E
B6216849,E
B6216856,E
B6216863,E
B6216870,E
B6216894,E
B6216917,E
B6216931,E
B6216948,E
B6216955,E
B6216962,E
B6216979,E
B6216993,E
B6217006,E
B6217013,E
B6217020,E
B6217037,E
B6217044,E
B6217068,E
B6217075,E
B6217082,E
B6217099,E
B6217105,E
B6217112,E
B6217129,E
B6217136,E
B6217150,E
B6217167,E
B6217174,E
B6217181,E
B6217204,E
B6217228,E
B6217235,E
B6217259,E
B6217273,E
B6217303,E
B6217310,E
B6217327,E
B6217334,E
B6217358,E
B6217365,E
B6217372,E
B6217389,E
B6217396,E
B6217402,E
B6217419,E
B6217426,E
B6217433,E
B6217440,E
B6217457,E
B6217471,E
B6217488,E
B6217495,E
B6217518,E
B6217532,E
B6217556,E
B6217570,E
B6217617,E
B6217631,E
B6217648,E
B6217655,E
B6217662,E
B6217679,E
B6217693,E
B6217716,E
B6217723,E
B6217730,E
B6217747,E
B6217754,E
B6217761,E
B6217778,E
B6217785,E
B6217792,E
B6217808,E
B6217839,E
B6217846,E
B6217877,E
B6217884,E
B6217907,E
B6217921,E
B6217938,E
B6217945,E
B6217952,E
B6217969,E
B6217976,E
B6217983,E
B6217990,E
B6218003,E
B6218010,E
B6218027,E
B6218034,E
B6218041,E
B6218058,E
B6218065,E
B6218089,E
B6218096,E
B6218102,E
B6218119,E
B6218126,E
B6218133,E
B6218140,E
B6218164,E
B6218171,E
B6218188,E
B6218218,E
B6218225,E
B6218249,E
B6218263,E
B6218270,E
B6218294,E
B6218300,E
B6218317,E
B6218324,E
B6218331,E
B6218355,E
B6218386,E
B6218393,E
B6218409,E
B6218416,E
B6218423,E
B6218430,E
B6218447,E
B6218454,E
B6218461,E
B6218478,E
B6218485,E
B6218492,E
B6218508,E
B6218522,E
B6218539,E
B6218546,E
B6218553,E
B6218560,E
B6218577,E
B6218591,E
B6218607,F
B6218614,F
B6218621,F
B6218645,F
B6218652,F
B6218676,F
B6218690,F
B6218706,F
B6218713,F
B6218720,F
B6218737,F
B6218744,F
B6218751,F
B6218768,F
B6218775,F
B6218782,F
B6218799,F
B6218805,F
B6218812,F
B6218836,F
B6218843,F
B6218850,F
B6218867,F
B6218874,F
B6218898,F
B6218904,F
B6218911,F
B6218928,F
B6218935,F
B6218942,F
B6218959,F
B6218973,F
B6218980,F
B6218997,F
B6219000,F
B6219017,F
B6219024,F
B6219031,F
B6219048,F
B6219062,F
B6219079,F
B6219086,F
B6219093,F
B6219116,F
B6219130,F
B6219147,F
B6219154,F
B6219161,F
B6219178,F
B6219185,F
B6219208,F
B6219215,F
B6219239,F
B6219246,F
B6219253,F
B6219277,F
B6219284,F
B6219291,F
B6219307,F
B6219314,F
B6219321,F
B6219338,F
B6219345,F
B6219352,F
B6219376,F
B6219383,F
B6219390,F
B6219406,F
B6219413,F
B6219420,F
B6219437,F
B6219451,F
B6219468,F
B6219475,F
B6219499,F
B6219512,F
B6219529,F
B6219543,F
B6219550,F
B6219567,F
B6219574,F
B6219581,F
B6219611,F
B6219628,F
B6219635,F
B6219642,F
B6219659,F
B6219666,F
B6219673,F
B6219680,F
B6219703,F
B6219710,F
B6219734,F
B6219741,F
B6219765,F
B6219772,F
B6219789,F
B6219796,F
B6219802,F
B6219819,F
B6219826,F
B6219833,F
B6219840,F
B6219857,F
B6219864,F
B6219871,F
B6219888,F
B6219895,F
B6219901,F
B6219925,F
B6219949,F
B6219956,F
B6220006,F
B6220013,F
B6220020,F
B6220037,F
B6220044,F
B6220051,F
B6220068,F
B6220075,F
B6220082,F
B6220099,F
B6220105,F
B6220112,F
B6220129,F
B6220136,F
B6220143,F
B6220150,F
B6220167,F
B6220204,F
B6220228,F
B6220235,F
B6220242,F
B6220259,F
B6220273,F
B6220280,F
B6220297,F
B6220303,F
B6220310,F
B6220327,F
B6220334,F
B6220341,F
B6220365,F
B6220372,F
B6220389,F
B6220396,F
B6220419,F
B6220426,F
B6220433,F
B6220440,F
B6220457,F
B6220464,F
B6220471,F
B6220501,F
B6220518,F
B6220525,F
B6220532,F
B6220549,F
B6220556,F
B6220563,F
B6220570,F
B6220594,F
B6220600,F
B6220617,F
B6220624,F
B6220631,F
B6220655,F
B6220662,F
B6220679,F
B6220686,F
B6220693,G
B6220709,G
B6220716,G
B6220723,G
B6220747,G
B6220754,G
B6220761,G
B6220792,G
B6220808,G
B6220815,G
B6220853,G
B6220860,G
B6220891,G
B6220907,G
B6220914,G
B6220921,G
B6220945,G
B6220952,G
B6220969,G
B6220976,G
B6220983,G
B6221003,G
B6221027,G
B6221034,G
B6221041,G
B6221058,G
B6221072,G
B6221089,G
B6221102,G
B6221119,G
B6221126,G
B6221140,G
B6221157,G
B6221164,G
B6221171,G
B6221188,G
B6221195,G
B6221201,G
B6221218,G
B6221232,G
B6221249,G
B6221256,G
B6221263,G
B6221294,G
B6221327,G
B6221348,G
B6221355,G
B6221362,G
B6221379,G
B6221386,G
B6221393,G
B6221409,G
B6221416,G
B6221423,G
B6221430,G
B6221447,G
B6221454,G
B6221461,G
B6221485,G
B6221492,G
B6221508,G
B6221515,G
B6221522,G
B6221539,G
B6221546,G
B6221553,G
B6221584,G
B6221591,G
B622160,G
B6221607,G
B6221621,G
B6221638,G
B6221652,G
B6221669,G
B6221683,G
B6221690,G
B6221720,G
B6221737,G
B6221744,G
B6221751,G
B6221768,G
B6221775,G
B6221805,G
B6221812,G
B6221829,G
B6221836,G
B6221843,G
B6221850,G
B6221867,G
B6221874,G
B6221898,G
B6221911,G
B6221928,G
B6221942,G
B6221966,G
B6221973,G
B6221980,G
B6221997,G
B6222017,G
B622203,G
B6222031,G
B6222062,G
B6222086,G
B6222116,G
B6222130,G
B6222147,G
B6222161,G
B6222178,G
B6222192,G
B6222208,G
B6222215,G
B6222222,G
B6222246,G
B6222284,G
B6222291,G
B6222307,G
B6222321,G
B6222345,G
B6222369,G
B6222383,G
B6222390,G
B6222406,G
B6222420,G
B6222444,G
B6222468,G
B6222475,G
B6222482,G
B6222505,G
B6222512,G
B6222536,G
B6222543,G
B6222550,G
B6222567,G
B6222574,G
B6222581,G
B6222598,G
B6222604,G
B6222611,G
B6222628,G
B6222635,G
B6222642,G
B6222666,G
B6222673,G
B6222680,G
B6222697,G
B6222710,G
B6222727,G
B6222741,G
B6222758,G
B6222765,G
B6222772,G
B6222796,G
B6222802,G
B6222819,G
B6222833,G
B6222840,G
B6222857,G
B6222864,G
B6222871,G
B6222888,G
B6222895,G
B6222901,G
B6222918,G
B6222925,G
B6222932,G
B6222956,G
B6222963,G
B6222970,G
B6222987,G
B6222994,G
B6223007,H
B6223014,H
B6223021,H
B6223038,H
B6223045,H
B6223052,H
B6223069,H
B6223076,H
B6223083,H
B6223090,H
B6223113,H
B6223120,H
B6223137,H
B6223144,H
B6223151,H
B6223168,H
B6223182,H
B6223199,H
B6223212,H
B6223236,H
B6223243,H
B6223250,H
B6223274,H
B6223281,H
B6223304,H
B6223335,H
B6223366,H
B6223373,H
B6223397,H
B6223403,H
B6223410,H
B6223427,H
B6223434,H
B6223441,H
B6223472,H
B6223489,H
B6223526,H
B6223533,H
B6223557,H
B6223564,H
B6223571,H
B6223588,H
B6223595,H
B6223601,H
B6223625,H
B6223649,H
B6223663,H
B6223670,H
B6223717,H
B6223724,H
B6223731,H
B6223793,H
B6223809,H
B6223823,H
B6223830,H
B6223854,H
B6223878,H
B6223922,H
B6223939,H
B6223946,H
B6223953,H
B6223960,H
B6223984,H
B6223991,H
B6224004,H
B6224028,H
B6224035,H
B6224042,H
B6224066,H
B6224073,H
B6224080,H
B6224097,H
B6224103,H
B6224110,H
B6224127,H
B6224134,H
B6224141,H
B6224158,H
B6224165,H
B6224189,H
B6224196,H
B6224226,H
B6224233,H
B6224240,H
B6224257,H
B6224264,H
B6224271,H
B6224288,H
B6224295,H
B6224301,H
B6224318,H
B6224325,H
B6224349,H
B6224356,H
B6224363,H
B6224370,H
B6224387,H
B6224394,H
B6224400,H
B6224417,H
B6224431,H
B6224448,H
B6224455,H
B6224479,H
B6224493,H
B6224509,H
B6224523,H
B6224530,H
B6224547,H
B6224554,H
B6224578,H
B6224592,H
B6224639,H
B6224646,H
B6224653,H
B6224660,H
B6224684,H
B6224714,H
B6224721,H
B6224738,H
B6224745,H
B6224752,H
B6224769,H
B6224776,H
B6224806,H
B6224837,H
B6224851,H
B6224875,H
B6224882,H
B6224899,H
B6224905,H
B6224936,H
B6224943,H
B6224950,H
B6224967,H
B6224974,H
B6224981,H
B6224998,H
B6225001,H
B6225018,H
B6225025,H
B6225049,H
B6225056,H
B6225063,H
B6225070,H
B6225087,H
B6225094,H
B6225117,H
B6225124,H
B6225131,H
B6225148,H
B6225162,H
B6225179,H
B6225186,H
B6225193,H
B6225209,H
B6225223,H
B6225247,H
B6225254,H
B6225261,H
B6225278,H
B6225285,H
B6225315,H
B6225322,H
B6225339,H
B6225346,H
B6225360,H
B6225384,H
B6225421,H
B6225438,H
B6225445,I
B6225452,I
B6225476,I
B6225483,I
B6225490,I
B6225506,I
B6225520,I
B6225537,I
B6225544,I
B6225551,I
B6225575,I
B6225599,I
B6225605,I
B6225629,I
B6225636,I
B6225650,I
B6225667,I
B6225674,I
B6225681,I
B6225698,I
B6225704,I
B6225711,I
B6225728,I
B6225735,I
B6225759,I
B6225780,I
B6225803,I
B6225834,I
B6225841,I
B6225872,I
B6225889,I
B6225919,I
B6225933,I
B6225940,I
B6225957,I
B6225964,I
B6225971,I
B6225995,I
B6226039,I
B6226053,I
B6226084,I
B6226091,I
B6226121,I
B6226138,I
B6226145,I
B6226152,I
B6226183,I
B6226190,I
B6226213,I
B6226244,I
B6226251,I
B6226299,I
B6226305,I
B6226312,I
B6226336,I
B6226343,I
B6226350,I
B6226367,I
B6226374,I
B6226381,I
B6226404,I
B6226411,I
B6226428,I
B6226435,I
B6226466,I
B6226473,I
B6226480,I
B6226503,I
B6226510,I
B6226527,I
B6226534,I
B6226572,I
B6226596,I
B6226626,I
B6226640,I
B6226657,I
B6226664,I
B6226671,I
B6226688,I
B6226695,I
B6226732,I
B6226749,I
B6226770,I
B6226787,I
B6226800,I
B6226817,I
B6226831,I
B6226855,I
B6226862,I
B6226886,I
B6226893,I
B6226909,I
B6226930,I
B6226954,I
B6226961,I
B6226978,I
B6226985,I
B6227005,I
B6227012,I
B6227029,I
B6227043,I
B6227050,I
B6227067,I
B6227074,I
B6227081,I
B6227098,I
B6227111,I
B6227135,I
B6227159,I
B6227166,I
B6227173,I
B6227203,I
B6227227,I
B6227258,I
B6227289,I
B6227296,I
B6229214,I
B6229245,I
B6229252,I
B6229276,I
B6229320,I
B6229337,I
B6229344,I
B6229436,I
B6229467,I
B6229474,I
B6229498,I
B6229511,I
B6229528,I
B6229559,I
B6229573,I
B6229580,I
B6229597,I
B6229603,I
B6229627,I
B6229818,I
B6229832,I
B6229849,I
B6229856,I
B6229863,I
B6229870,I
B6229887,I
B6229894,I
B6229900,I
B6229924,I
B6229993,I
B6230005,I
B6230012,I
B6230043,I
B6230135,I
B6230142,I
B6230159,I
B6230166,I
B6230173,I
B6230197,I
B6230203,I
B6230227,I
B6230234,I
B6230241,I
B6230265,I
B6230272,I
B6230289,I
B6230302,I
B6230326,I
B6230333,I
B6230340,I
B6230357,I
B6230364,I
B6230371,I
B6230395,I
B6230418,J
B6230449,J
B6230456,J
B6230463,J
B6230470,J
B6230494,J
B6230500,J
B6230517,J
B6230524,J
B6230548,J
B6230562,J
B6230579,J
B6230586,J
B6230593,J
B6230616,J
B6230630,J
B6230647,J
B6230654,J
B6230661,J
B6230678,J
B6230685,J
B6230692,J
B6230708,J
B6230715,J
B6230722,J
B6230739,J
B6230746,J
B6230753,J
B6230760,J
B6230777,J
B6230784,J
B6230791,J
B6230807,J
B6230821,J
B6230838,J
B6230852,J
B6230883,J
B6230890,J
B6230920,J
B6230944,J
B6230968,J
B6230982,J
B6233648,J
B6233662,J
B6233679,J
B6233686,J
B6233693,J
B6233716,J
B6233723,J
B6233730,J
B6233747,J
B6233754,J
B6233778,J
B6233785,J
B6233808,J
B6233815,J
B6233822,J
B6233839,J
B6233860,J
B6233914,J
B6233938,J
B6233969,J
B6233990,J
B6234003,J
B6234034,J
B6234041,J
B6234058,J
B6234065,J
B6234089,J
B6234096,J
B6234102,J
B6234119,J
B6234133,J
B6234140,J
B6234157,J
B6234171,J
B6234188,J
B6234195,J
B6234249,J
B6234256,J
B6234386,J
B6234393,J
B6234409,J
B6234416,J
B6234447,J
B6234454,J
B6234461,J
B6234478,J
B6234485,J
B6234492,J
B6234508,J
B6234515,J
B6234539,J
B6234546,J
B6234553,J
B6234560,J
B6235161,J
B6235253,J
B6235277,J
B6235291,J
B6235321,J
B6235352,J
B6235376,J
B6235406,J
B6235413,J
B6235437,J
B6235444,J
B6235512,J
B6235536,J
B6235543,J
B6235611,J
B6235635,J
B6235659,J
B6235666,J
B6235673,J
B6235680,J
B6235684,J
B6235697,J
B6235710,J
B6235727,J
B6235734,J
B6235741,J
B6235758,J
B6235796,J
B6235802,J
B6235819,J
B6235833,J
B6235840,J
B6235857,J
B6235888,J
B6235918,J
B6235925,J
B6235932,J
B6235956,J
B6235987,J
B6236007,J
B6236014,J
B6236052,J
B6236069,J
B6236076,J
B6236083,J
B6236090,J
B6236106,J
B6236113,J
B6236144,J
B6236182,J
B6236212,J
B6236243,J
B6236250,J
B6236281,J
B6236298,J
B6236311,J
B6236335,J
B6236342,J
B6236359,J
B6236366,J
B6236373,J
B6236397,J
B6236441,J
B6236533,J
B6236601,J
B6236618,J
B6236625,J
B6248683,J
B6298769,J
B6215842,J
B6202958,J
B6111090,Z